{"resource":"shotchartdetail","parameters":{"LeagueID":"00","Season":"2015-16","SeasonType":"Regular Season","TeamID":0,"PlayerID":203076,"GameID":null,"Outcome":null,"Location":null,"Month":0,"SeasonSegment":null,"DateFrom":null,"DateTo":null,"OpponentTeamID":0,"VsConference":null,"VsDivision":null,"Position":null,"RookieYear":null,"GameSegment":null,"Period":0,"LastNGames":0,"ClutchTime":"Last 5 Minutes","AheadBehind":null,"PointDiff":null,"RangeType":null,"StartPeriod":null,"EndPeriod":null,"StartRange":null,"EndRange":null,"ContextFilter":"","ContextMeasure":"FGA"},"resultSets":[{"name":"Shot_Chart_Detail","headers":["GRID_TYPE","GAME_ID","GAME_EVENT_ID","PLAYER_ID","PLAYER_NAME","TEAM_ID","TEAM_NAME","PERIOD","MINUTES_REMAINING","SECONDS_REMAINING","EVENT_TYPE","ACTION_TYPE","SHOT_TYPE","SHOT_ZONE_BASIC","SHOT_ZONE_AREA","SHOT_ZONE_RANGE","SHOT_DISTANCE","LOC_X","LOC_Y","SHOT_ATTEMPTED_FLAG","SHOT_MADE_FLAG"],"rowSet":[["Shot Chart Detail","0021500003",529,203076,"Anthony Davis",1610612740,"New Orleans Pelicans",4,4,38,"Made Shot","Jump Shot","2PT Field Goal","Mid-Range","Center(C)","16-24 ft.",22,-25,228,1,1],["Shot Chart Detail","0021500015",502,203076,"Anthony Davis",1610612740,"New Orleans Pelicans",4,3,52,"Made Shot","Jump Shot","3PT Field Goal","Above the Break 3","Left Side Center(LC)","24+ ft.",27,-191,195,1,1],["Shot Chart Detail","0021500035",530,203076,"Anthony Davis",1610612740,"New Orleans Pelicans",4,4,11,"Made Shot","Layup Shot","2PT Field Goal","Restricted Area","Center(C)","Less Than 8 ft.",1,17,7,1,1],["Shot Chart Detail","0021500035",540,203076,"Anthony Davis",1610612740,"New Orleans Pelicans",4,3,1,"Made Shot","Alley Oop Dunk Shot","2PT Field Goal","Restricted Area","Center(C)","Less Than 8 ft.",0,0,1,1,1],["Shot Chart Detail","0021500056",517,203076,"Anthony Davis",1610612740,"New Orleans Pelicans",4,0,59,"Made Shot","Cutting Dunk Shot","2PT Field Goal","Restricted Area","Center(C)","Less Than 8 ft.",0,0,1,1,1],["Shot Chart Detail","0021500081",477,203076,"Anthony Davis",1610612740,"New Orleans Pelicans",4,4,56,"Missed Shot","Jump Shot","2PT Field Goal","Mid-Range","Left Side(L)","16-24 ft.",16,-168,11,1,0],["Shot Chart Detail","0021500081",515,203076,"Anthony Davis",1610612740,"New Orleans Pelicans",4,2,3,"Missed Shot","Jump Shot","2PT Field Goal","Mid-Range","Right Side(R)","8-16 ft.",8,87,-5,1,0],["Shot Chart Detail","0021500088",462,203076,"Anthony Davis",1610612740,"New Orleans Pelicans",4,4,13,"Made Shot","Putback Dunk Shot","2PT Field Goal","Restricted Area","Center(C)","Less Than 8 ft.",0,0,1,1,1],["Shot Chart Detail","0021500088",475,203076,"Anthony Davis",1610612740,"New Orleans Pelicans",4,2,43,"Made Shot","Jump Shot","2PT Field Goal","Mid-Range","Left Side(L)","16-24 ft.",17,-165,65,1,1],["Shot Chart Detail","0021500145",440,203076,"Anthony Davis",1610612740,"New Orleans Pelicans",4,4,50,"Made Shot","Jump Shot","2PT Field Goal","Mid-Range","Left Side Center(LC)","16-24 ft.",19,-76,180,1,1],["Shot Chart Detail","0021500145",442,203076,"Anthony Davis",1610612740,"New Orleans Pelicans",4,4,14,"Made Shot","Dunk Shot","2PT Field Goal","Restricted Area","Center(C)","Less Than 8 ft.",0,0,1,1,1],["Shot Chart Detail","0021500145",450,203076,"Anthony Davis",1610612740,"New Orleans Pelicans",4,2,58,"Missed Shot","Hook Shot","2PT Field Goal","In The Paint (Non-RA)","Left Side(L)","8-16 ft.",9,-50,80,1,0],["Shot Chart Detail","0021500145",487,203076,"Anthony Davis",1610612740,"New Orleans Pelicans",4,0,29,"Made Shot","Alley Oop Dunk Shot","2PT Field Goal","Restricted Area","Center(C)","Less Than 8 ft.",0,0,1,1,1],["Shot Chart Detail","0021500182",519,203076,"Anthony Davis",1610612740,"New Orleans Pelicans",4,4,57,"Missed Shot","Tip Layup Shot","2PT Field Goal","Restricted Area","Center(C)","Less Than 8 ft.",1,1,11,1,0],["Shot Chart Detail","0021500182",527,203076,"Anthony Davis",1610612740,"New Orleans Pelicans",4,3,34,"Made Shot","Cutting Layup Shot","2PT Field Goal","Restricted Area","Center(C)","Less Than 8 ft.",2,20,0,1,1],["Shot Chart Detail","0021500182",545,203076,"Anthony Davis",1610612740,"New Orleans Pelicans",4,1,36,"Missed Shot","Jump Shot","3PT Field Goal","Left Corner 3","Left Side(L)","24+ ft.",23,-232,-15,1,0],["Shot Chart Detail","0021500182",550,203076,"Anthony Davis",1610612740,"New Orleans Pelicans",4,1,11,"Missed Shot","Layup Shot","2PT Field Goal","Restricted Area","Center(C)","Less Than 8 ft.",2,25,8,1,0],["Shot Chart Detail","0021500198",584,203076,"Anthony Davis",1610612740,"New Orleans Pelicans",4,4,47,"Made Shot","Alley Oop Dunk Shot","2PT Field Goal","Restricted Area","Center(C)","Less Than 8 ft.",0,0,1,1,1],["Shot Chart Detail","0021500198",607,203076,"Anthony Davis",1610612740,"New Orleans Pelicans",4,3,52,"Missed Shot","Jump Shot","2PT Field Goal","In The Paint (Non-RA)","Center(C)","8-16 ft.",14,-56,131,1,0],["Shot Chart Detail","0021500198",626,203076,"Anthony Davis",1610612740,"New Orleans Pelicans",4,2,25,"Made Shot","Jump Shot","2PT Field Goal","Mid-Range","Right Side Center(RC)","16-24 ft.",19,79,183,1,1],["Shot Chart Detail","0021500198",647,203076,"Anthony Davis",1610612740,"New Orleans Pelicans",4,0,54,"Made Shot","Jump Shot","3PT Field Goal","Above the Break 3","Center(C)","24+ ft.",25,-61,244,1,1],["Shot Chart Detail","0021500225",501,203076,"Anthony Davis",1610612740,"New Orleans Pelicans",4,4,44,"Made Shot","Alley Oop Dunk Shot","2PT Field Goal","Restricted Area","Center(C)","Less Than 8 ft.",0,0,1,1,1],["Shot Chart Detail","0021500225",549,203076,"Anthony Davis",1610612740,"New Orleans Pelicans",4,0,22,"Missed Shot","Tip Layup Shot","2PT Field Goal","Restricted Area","Center(C)","Less Than 8 ft.",1,0,14,1,0],["Shot Chart Detail","0021500225",551,203076,"Anthony Davis",1610612740,"New Orleans Pelicans",4,0,21,"Made Shot","Tip Layup Shot","2PT Field Goal","Restricted Area","Center(C)","Less Than 8 ft.",2,-22,7,1,1],["Shot Chart Detail","0021500243",503,203076,"Anthony Davis",1610612740,"New Orleans Pelicans",4,2,35,"Made Shot","Jump Shot","2PT Field Goal","Mid-Range","Left Side Center(LC)","16-24 ft.",20,-97,178,1,1],["Shot Chart Detail","0021500243",522,203076,"Anthony Davis",1610612740,"New Orleans Pelicans",4,0,26,"Missed Shot","Jump Shot","3PT Field Goal","Above the Break 3","Right Side Center(RC)","24+ ft.",24,119,213,1,0],["Shot Chart Detail","0021500266",522,203076,"Anthony Davis",1610612740,"New Orleans Pelicans",4,4,9,"Missed Shot","Tip Layup Shot","2PT Field Goal","Restricted Area","Center(C)","Less Than 8 ft.",1,12,7,1,0],["Shot Chart Detail","0021500274",556,203076,"Anthony Davis",1610612740,"New Orleans Pelicans",4,4,51,"Missed Shot","Pullup Jump shot","2PT Field Goal","Mid-Range","Center(C)","16-24 ft.",17,-4,174,1,0],["Shot Chart Detail","0021500274",565,203076,"Anthony Davis",1610612740,"New Orleans Pelicans",4,4,11,"Made Shot","Jump Shot","2PT Field Goal","Mid-Range","Left Side(L)","16-24 ft.",20,-201,-1,1,1],["Shot Chart Detail","0021500274",579,203076,"Anthony Davis",1610612740,"New Orleans Pelicans",4,2,58,"Missed Shot","Layup Shot","2PT Field Goal","Restricted Area","Center(C)","Less Than 8 ft.",2,-25,7,1,0],["Shot Chart Detail","0021500274",614,203076,"Anthony Davis",1610612740,"New Orleans Pelicans",4,0,34,"Made Shot","Driving Dunk Shot","2PT Field Goal","Restricted Area","Center(C)","Less Than 8 ft.",0,0,1,1,1],["Shot Chart Detail","0021500274",625,203076,"Anthony Davis",1610612740,"New Orleans Pelicans",4,0,26,"Made Shot","Pullup Jump shot","2PT Field Goal","Mid-Range","Left Side(L)","16-24 ft.",17,-150,92,1,1],["Shot Chart Detail","0021500288",530,203076,"Anthony Davis",1610612740,"New Orleans Pelicans",4,2,47,"Missed Shot","Jump Shot","3PT Field Goal","Right Corner 3","Right Side(R)","24+ ft.",22,225,16,1,0],["Shot Chart Detail","0021500288",563,203076,"Anthony Davis",1610612740,"New Orleans Pelicans",4,0,45,"Made Shot","Dunk Shot","2PT Field Goal","Restricted Area","Center(C)","Less Than 8 ft.",0,0,1,1,1],["Shot Chart Detail","0021500288",599,203076,"Anthony Davis",1610612740,"New Orleans Pelicans",5,4,46,"Made Shot","Floating Jump shot","2PT Field Goal","Mid-Range","Left Side(L)","8-16 ft.",14,-89,115,1,1],["Shot Chart Detail","0021500288",614,203076,"Anthony Davis",1610612740,"New Orleans Pelicans",5,3,1,"Made Shot","Turnaround Jump Shot","2PT Field Goal","Mid-Range","Right Side(R)","8-16 ft.",11,119,11,1,1],["Shot Chart Detail","0021500288",620,203076,"Anthony Davis",1610612740,"New Orleans Pelicans",5,2,15,"Made Shot","Pullup Jump shot","2PT Field Goal","In The Paint (Non-RA)","Center(C)","8-16 ft.",15,-74,136,1,1],["Shot Chart Detail","0021500288",631,203076,"Anthony Davis",1610612740,"New Orleans Pelicans",5,0,53,"Missed Shot","Jump Shot","2PT Field Goal","Mid-Range","Right Side(R)","8-16 ft.",11,112,7,1,0],["Shot Chart Detail","0021500312",482,203076,"Anthony Davis",1610612740,"New Orleans Pelicans",4,3,48,"Missed Shot","Layup Shot","2PT Field Goal","Restricted Area","Center(C)","Less Than 8 ft.",1,0,16,1,0],["Shot Chart Detail","0021500312",489,203076,"Anthony Davis",1610612740,"New Orleans Pelicans",4,3,14,"Made Shot","Putback Dunk Shot","2PT Field Goal","Restricted Area","Center(C)","Less Than 8 ft.",0,0,1,1,1],["Shot Chart Detail","0021500339",471,203076,"Anthony Davis",1610612740,"New Orleans Pelicans",4,3,27,"Missed Shot","Jump Shot","3PT Field Goal","Above the Break 3","Center(C)","24+ ft.",24,19,247,1,0],["Shot Chart Detail","0021500339",481,203076,"Anthony Davis",1610612740,"New Orleans Pelicans",4,2,35,"Made Shot","Jump Shot","3PT Field Goal","Above the Break 3","Center(C)","24+ ft.",26,-1,264,1,1],["Shot Chart Detail","0021500339",485,203076,"Anthony Davis",1610612740,"New Orleans Pelicans",4,2,8,"Missed Shot","Jump Shot","3PT Field Goal","Above the Break 3","Center(C)","24+ ft.",24,15,249,1,0],["Shot Chart Detail","0021500348",453,203076,"Anthony Davis",1610612740,"New Orleans Pelicans",4,4,36,"Missed Shot","Jump Shot","2PT Field Goal","Mid-Range","Center(C)","8-16 ft.",15,33,156,1,0],["Shot Chart Detail","0021500348",464,203076,"Anthony Davis",1610612740,"New Orleans Pelicans",4,4,15,"Made Shot","Cutting Layup Shot","2PT Field Goal","Restricted Area","Center(C)","Less Than 8 ft.",3,-22,21,1,1],["Shot Chart Detail","0021500348",490,203076,"Anthony Davis",1610612740,"New Orleans Pelicans",4,1,48,"Made Shot","Driving Hook Shot","2PT Field Goal","In The Paint (Non-RA)","Center(C)","Less Than 8 ft.",5,2,56,1,1],["Shot Chart Detail","0021500348",499,203076,"Anthony Davis",1610612740,"New Orleans Pelicans",4,0,57,"Missed Shot","Driving Hook Shot","2PT Field Goal","In The Paint (Non-RA)","Center(C)","Less Than 8 ft.",5,4,56,1,0],["Shot Chart Detail","0021500366",504,203076,"Anthony Davis",1610612740,"New Orleans Pelicans",4,3,20,"Made Shot","Layup Shot","2PT Field Goal","Restricted Area","Center(C)","Less Than 8 ft.",0,-9,0,1,1],["Shot Chart Detail","0021500366",547,203076,"Anthony Davis",1610612740,"New Orleans Pelicans",4,0,53,"Made Shot","Driving Layup Shot","2PT Field Goal","Restricted Area","Center(C)","Less Than 8 ft.",1,-19,-1,1,1],["Shot Chart Detail","0021500380",448,203076,"Anthony Davis",1610612740,"New Orleans Pelicans",4,4,51,"Made Shot","Jump Shot","2PT Field Goal","Mid-Range","Left Side(L)","16-24 ft.",18,-171,70,1,1],["Shot Chart Detail","0021500396",517,203076,"Anthony Davis",1610612740,"New Orleans Pelicans",4,2,50,"Made Shot","Layup Shot","2PT Field Goal","Restricted Area","Center(C)","Less Than 8 ft.",2,-20,-11,1,1],["Shot Chart Detail","0021500432",527,203076,"Anthony Davis",1610612740,"New Orleans Pelicans",4,4,27,"Missed Shot","Jump Shot","2PT Field Goal","Mid-Range","Left Side(L)","16-24 ft.",16,-156,51,1,0],["Shot Chart Detail","0021500432",529,203076,"Anthony Davis",1610612740,"New Orleans Pelicans",4,4,9,"Made Shot","Layup Shot","2PT Field Goal","Restricted Area","Center(C)","Less Than 8 ft.",2,25,7,1,1],["Shot Chart Detail","0021500436",474,203076,"Anthony Davis",1610612740,"New Orleans Pelicans",4,3,53,"Missed Shot","Jump Shot","2PT Field Goal","Mid-Range","Center(C)","16-24 ft.",19,-42,190,1,0],["Shot Chart Detail","0021500436",496,203076,"Anthony Davis",1610612740,"New Orleans Pelicans",4,1,47,"Missed Shot","Jump Shot","2PT Field Goal","Mid-Range","Right Side(R)","16-24 ft.",16,138,87,1,0],["Shot Chart Detail","0021500436",522,203076,"Anthony Davis",1610612740,"New Orleans Pelicans",4,0,1,"Missed Shot","Jump Shot","2PT Field Goal","Mid-Range","Left Side Center(LC)","16-24 ft.",20,-145,144,1,0],["Shot Chart Detail","0021500436",554,203076,"Anthony Davis",1610612740,"New Orleans Pelicans",5,1,17,"Missed Shot","Driving Layup Shot","2PT Field Goal","Restricted Area","Center(C)","Less Than 8 ft.",1,-9,11,1,0],["Shot Chart Detail","0021500436",569,203076,"Anthony Davis",1610612740,"New Orleans Pelicans",5,0,38,"Made Shot","Driving Dunk Shot","2PT Field Goal","Restricted Area","Center(C)","Less Than 8 ft.",0,0,1,1,1],["Shot Chart Detail","0021500445",517,203076,"Anthony Davis",1610612740,"New Orleans Pelicans",4,2,14,"Made Shot","Alley Oop Dunk Shot","2PT Field Goal","Restricted Area","Center(C)","Less Than 8 ft.",0,0,1,1,1],["Shot Chart Detail","0021500445",527,203076,"Anthony Davis",1610612740,"New Orleans Pelicans",4,0,51,"Missed Shot","Jump Shot","2PT Field Goal","Mid-Range","Left Side(L)","16-24 ft.",16,-168,-6,1,0],["Shot Chart Detail","0021500487",438,203076,"Anthony Davis",1610612740,"New Orleans Pelicans",4,4,44,"Missed Shot","Layup Shot","2PT Field Goal","Restricted Area","Center(C)","Less Than 8 ft.",2,-24,3,1,0],["Shot Chart Detail","0021500487",459,203076,"Anthony Davis",1610612740,"New Orleans Pelicans",4,2,51,"Missed Shot","Jump Shot","2PT Field Goal","Mid-Range","Left Side Center(LC)","16-24 ft.",17,-117,131,1,0],["Shot Chart Detail","0021500487",508,203076,"Anthony Davis",1610612740,"New Orleans Pelicans",4,0,23,"Missed Shot","Layup Shot","2PT Field Goal","Restricted Area","Center(C)","Less Than 8 ft.",2,-22,-5,1,0],["Shot Chart Detail","0021500501",505,203076,"Anthony Davis",1610612740,"New Orleans Pelicans",4,2,20,"Made Shot","Alley Oop Dunk Shot","2PT Field Goal","Restricted Area","Center(C)","Less Than 8 ft.",0,0,1,1,1],["Shot Chart Detail","0021500531",493,203076,"Anthony Davis",1610612740,"New Orleans Pelicans",4,1,56,"Missed Shot","Putback Layup Shot","2PT Field Goal","Restricted Area","Center(C)","Less Than 8 ft.",2,-24,11,1,0],["Shot Chart Detail","0021500531",505,203076,"Anthony Davis",1610612740,"New Orleans Pelicans",4,1,7,"Made Shot","Tip Layup Shot","2PT Field Goal","Restricted Area","Center(C)","Less Than 8 ft.",1,6,11,1,1],["Shot Chart Detail","0021500531",528,203076,"Anthony Davis",1610612740,"New Orleans Pelicans",4,0,21,"Made Shot","Putback Dunk Shot","2PT Field Goal","Restricted Area","Center(C)","Less Than 8 ft.",0,0,1,1,1],["Shot Chart Detail","0021500531",537,203076,"Anthony Davis",1610612740,"New Orleans Pelicans",4,0,19,"Made Shot","Alley Oop Layup shot","2PT Field Goal","Restricted Area","Center(C)","Less Than 8 ft.",2,-19,8,1,1],["Shot Chart Detail","0021500531",544,203076,"Anthony Davis",1610612740,"New Orleans Pelicans",4,0,8,"Missed Shot","Jump Shot","3PT Field Goal","Above the Break 3","Center(C)","24+ ft.",25,60,244,1,0],["Shot Chart Detail","0021500585",458,203076,"Anthony Davis",1610612740,"New Orleans Pelicans",4,3,47,"Missed Shot","Floating Jump shot","2PT Field Goal","In The Paint (Non-RA)","Center(C)","Less Than 8 ft.",6,0,65,1,0],["Shot Chart Detail","0021500585",480,203076,"Anthony Davis",1610612740,"New Orleans Pelicans",4,1,54,"Made Shot","Layup Shot","2PT Field Goal","Restricted Area","Center(C)","Less Than 8 ft.",1,-8,9,1,1],["Shot Chart Detail","0021500585",482,203076,"Anthony Davis",1610612740,"New Orleans Pelicans",4,1,34,"Made Shot","Alley Oop Layup shot","2PT Field Goal","Restricted Area","Center(C)","Less Than 8 ft.",1,10,7,1,1],["Shot Chart Detail","0021500598",428,203076,"Anthony Davis",1610612740,"New Orleans Pelicans",4,3,23,"Made Shot","Driving Dunk Shot","2PT Field Goal","Restricted Area","Center(C)","Less Than 8 ft.",0,0,1,1,1],["Shot Chart Detail","0021500598",462,203076,"Anthony Davis",1610612740,"New Orleans Pelicans",4,0,2,"Made Shot","Alley Oop Dunk Shot","2PT Field Goal","Restricted Area","Center(C)","Less Than 8 ft.",0,0,1,1,1],["Shot Chart Detail","0021500618",466,203076,"Anthony Davis",1610612740,"New Orleans Pelicans",4,3,18,"Made Shot","Alley Oop Dunk Shot","2PT Field Goal","Restricted Area","Center(C)","Less Than 8 ft.",0,0,1,1,1],["Shot Chart Detail","0021500618",483,203076,"Anthony Davis",1610612740,"New Orleans Pelicans",4,1,33,"Made Shot","Step Back Jump shot","2PT Field Goal","Mid-Range","Center(C)","8-16 ft.",15,-68,144,1,1],["Shot Chart Detail","0021500626",580,203076,"Anthony Davis",1610612740,"New Orleans Pelicans",4,3,47,"Missed Shot","Layup Shot","2PT Field Goal","Restricted Area","Center(C)","Less Than 8 ft.",1,0,16,1,0],["Shot Chart Detail","0021500626",585,203076,"Anthony Davis",1610612740,"New Orleans Pelicans",4,3,7,"Made Shot","Jump Shot","3PT Field Goal","Above the Break 3","Center(C)","24+ ft.",25,50,249,1,1],["Shot Chart Detail","0021500626",593,203076,"Anthony Davis",1610612740,"New Orleans Pelicans",4,2,1,"Made Shot","Jump Shot","2PT Field Goal","Mid-Range","Left Side(L)","8-16 ft.",15,-129,85,1,1],["Shot Chart Detail","0021500626",604,203076,"Anthony Davis",1610612740,"New Orleans Pelicans",4,1,27,"Missed Shot","Jump Shot","2PT Field Goal","Mid-Range","Right Side Center(RC)","16-24 ft.",18,97,154,1,0],["Shot Chart Detail","0021500626",613,203076,"Anthony Davis",1610612740,"New Orleans Pelicans",4,0,24,"Made Shot","Dunk Shot","2PT Field Goal","Restricted Area","Center(C)","Less Than 8 ft.",0,0,1,1,1],["Shot Chart Detail","0021500641",468,203076,"Anthony Davis",1610612740,"New Orleans Pelicans",4,4,18,"Made Shot","Turnaround Jump Shot","2PT Field Goal","Mid-Range","Center(C)","8-16 ft.",14,11,141,1,1],["Shot Chart Detail","0021500641",505,203076,"Anthony Davis",1610612740,"New Orleans Pelicans",4,0,51,"Made Shot","Jump Shot","3PT Field Goal","Above the Break 3","Center(C)","24+ ft.",24,-65,232,1,1],["Shot Chart Detail","0021500657",467,203076,"Anthony Davis",1610612740,"New Orleans Pelicans",4,3,22,"Made Shot","Alley Oop Dunk Shot","2PT Field Goal","Restricted Area","Center(C)","Less Than 8 ft.",0,0,1,1,1],["Shot Chart Detail","0021500657",469,203076,"Anthony Davis",1610612740,"New Orleans Pelicans",4,3,2,"Missed Shot","Alley Oop Dunk Shot","2PT Field Goal","Restricted Area","Center(C)","Less Than 8 ft.",0,0,1,1,0],["Shot Chart Detail","0021500657",483,203076,"Anthony Davis",1610612740,"New Orleans Pelicans",4,2,4,"Made Shot","Jump Shot","3PT Field Goal","Above the Break 3","Right Side Center(RC)","24+ ft.",26,171,203,1,1],["Shot Chart Detail","0021500710",465,203076,"Anthony Davis",1610612740,"New Orleans Pelicans",4,2,23,"Made Shot","Jump Shot","3PT Field Goal","Above the Break 3","Center(C)","24+ ft.",25,-78,242,1,1],["Shot Chart Detail","0021500724",430,203076,"Anthony Davis",1610612740,"New Orleans Pelicans",4,4,38,"Made Shot","Dunk Shot","2PT Field Goal","Restricted Area","Center(C)","Less Than 8 ft.",0,0,1,1,1],["Shot Chart Detail","0021500742",466,203076,"Anthony Davis",1610612740,"New Orleans Pelicans",4,1,48,"Missed Shot","Jump Shot","2PT Field Goal","In The Paint (Non-RA)","Center(C)","8-16 ft.",9,33,87,1,0],["Shot Chart Detail","0021500742",473,203076,"Anthony Davis",1610612740,"New Orleans Pelicans",4,1,19,"Made Shot","Tip Dunk Shot","2PT Field Goal","Restricted Area","Center(C)","Less Than 8 ft.",0,0,1,1,1],["Shot Chart Detail","0021500747",485,203076,"Anthony Davis",1610612740,"New Orleans Pelicans",4,3,1,"Missed Shot","Layup Shot","2PT Field Goal","Restricted Area","Center(C)","Less Than 8 ft.",0,2,8,1,0],["Shot Chart Detail","0021500747",502,203076,"Anthony Davis",1610612740,"New Orleans Pelicans",4,1,18,"Made Shot","Dunk Shot","2PT Field Goal","Restricted Area","Center(C)","Less Than 8 ft.",0,0,1,1,1],["Shot Chart Detail","0021500763",489,203076,"Anthony Davis",1610612740,"New Orleans Pelicans",4,1,26,"Missed Shot","Turnaround Jump Shot","2PT Field Goal","Restricted Area","Center(C)","Less Than 8 ft.",3,-4,36,1,0],["Shot Chart Detail","0021500763",503,203076,"Anthony Davis",1610612740,"New Orleans Pelicans",4,0,16,"Missed Shot","Turnaround Jump Shot","2PT Field Goal","In The Paint (Non-RA)","Center(C)","Less Than 8 ft.",7,-70,16,1,0],["Shot Chart Detail","0021500798",434,203076,"Anthony Davis",1610612740,"New Orleans Pelicans",4,4,27,"Made Shot","Tip Layup Shot","2PT Field Goal","Restricted Area","Center(C)","Less Than 8 ft.",1,9,13,1,1],["Shot Chart Detail","0021500798",479,203076,"Anthony Davis",1610612740,"New Orleans Pelicans",4,0,59,"Made Shot","Driving Floating Jump Shot","2PT Field Goal","In The Paint (Non-RA)","Center(C)","Less Than 8 ft.",4,-14,43,1,1],["Shot Chart Detail","0021500798",486,203076,"Anthony Davis",1610612740,"New Orleans Pelicans",4,0,35,"Made Shot","Jump Shot","3PT Field Goal","Above the Break 3","Right Side Center(RC)","24+ ft.",25,181,174,1,1],["Shot Chart Detail","0021500811",585,203076,"Anthony Davis",1610612740,"New Orleans Pelicans",4,2,30,"Missed Shot","Jump Shot","2PT Field Goal","Mid-Range","Left Side(L)","16-24 ft.",16,-156,61,1,0],["Shot Chart Detail","0021500823",488,203076,"Anthony Davis",1610612740,"New Orleans Pelicans",4,4,58,"Made Shot","Jump Shot","2PT Field Goal","Mid-Range","Right Side(R)","16-24 ft.",21,190,100,1,1],["Shot Chart Detail","0021500823",502,203076,"Anthony Davis",1610612740,"New Orleans Pelicans",4,3,54,"Made Shot","Jump Shot","2PT Field Goal","In The Paint (Non-RA)","Right Side(R)","8-16 ft.",8,79,33,1,1],["Shot Chart Detail","0021500823",504,203076,"Anthony Davis",1610612740,"New Orleans Pelicans",4,3,10,"Made Shot","Dunk Shot","2PT Field Goal","Restricted Area","Center(C)","Less Than 8 ft.",0,0,1,1,1],["Shot Chart Detail","0021500823",507,203076,"Anthony Davis",1610612740,"New Orleans Pelicans",4,2,38,"Made Shot","Jump Shot","3PT Field Goal","Right Corner 3","Right Side(R)","24+ ft.",23,238,23,1,1],["Shot Chart Detail","0021500823",515,203076,"Anthony Davis",1610612740,"New Orleans Pelicans",4,1,58,"Made Shot","Fadeaway Jump Shot","2PT Field Goal","Mid-Range","Left Side(L)","8-16 ft.",13,-119,65,1,1],["Shot Chart Detail","0021500857",500,203076,"Anthony Davis",1610612740,"New Orleans Pelicans",4,4,45,"Missed Shot","Jump Shot","2PT Field Goal","Mid-Range","Center(C)","8-16 ft.",15,-42,144,1,0],["Shot Chart Detail","0021500857",519,203076,"Anthony Davis",1610612740,"New Orleans Pelicans",4,3,36,"Missed Shot","Jump Shot","2PT Field Goal","Mid-Range","Left Side(L)","16-24 ft.",17,-174,21,1,0],["Shot Chart Detail","0021500901",575,203076,"Anthony Davis",1610612740,"New Orleans Pelicans",4,2,59,"Made Shot","Jump Shot","3PT Field Goal","Above the Break 3","Left Side Center(LC)","24+ ft.",24,-187,164,1,1],["Shot Chart Detail","0021500901",612,203076,"Anthony Davis",1610612740,"New Orleans Pelicans",4,0,28,"Missed Shot","Jump Shot","3PT Field Goal","Above the Break 3","Right Side Center(RC)","24+ ft.",26,140,223,1,0],["Shot Chart Detail","0021500909",441,203076,"Anthony Davis",1610612740,"New Orleans Pelicans",4,3,36,"Made Shot","Jump Shot","2PT Field Goal","Mid-Range","Left Side(L)","8-16 ft.",13,-129,21,1,1]]},{"name":"LeagueAverages","headers":["GRID_TYPE","SHOT_ZONE_BASIC","SHOT_ZONE_AREA","SHOT_ZONE_RANGE","FGA","FGM","FG_PCT"],"rowSet":[["League Averages","Above the Break 3","Back Court(BC)","Back Court Shot",45,4,0.089],["League Averages","Above the Break 3","Center(C)","24+ ft.",7992,2756,0.345],["League Averages","Above the Break 3","Left Side Center(LC)","24+ ft.",12235,4247,0.347],["League Averages","Above the Break 3","Right Side Center(RC)","24+ ft.",11628,4090,0.352],["League Averages","Backcourt","Back Court(BC)","Back Court Shot",315,13,0.041],["League Averages","In The Paint (Non-RA)","Center(C)","8-16 ft.",5034,2136,0.424],["League Averages","In The Paint (Non-RA)","Center(C)","Less Than 8 ft.",14280,5565,0.39],["League Averages","In The Paint (Non-RA)","Left Side(L)","8-16 ft.",1595,643,0.403],["League Averages","In The Paint (Non-RA)","Right Side(R)","8-16 ft.",1407,580,0.412],["League Averages","Left Corner 3","Left Side(L)","24+ ft.",5675,2112,0.372],["League Averages","Mid-Range","Center(C)","16-24 ft.",5555,2204,0.397],["League Averages","Mid-Range","Center(C)","8-16 ft.",1699,739,0.435],["League Averages","Mid-Range","Left Side Center(LC)","16-24 ft.",5889,2339,0.397],["League Averages","Mid-Range","Left Side(L)","16-24 ft.",4134,1678,0.406],["League Averages","Mid-Range","Left Side(L)","8-16 ft.",5688,2212,0.389],["League Averages","Mid-Range","Right Side Center(RC)","16-24 ft.",6120,2444,0.399],["League Averages","Mid-Range","Right Side(R)","16-24 ft.",3672,1491,0.406],["League Averages","Mid-Range","Right Side(R)","8-16 ft.",5684,2256,0.397],["League Averages","Restricted Area","Center(C)","Less Than 8 ft.",49737,29791,0.599],["League Averages","Right Corner 3","Right Side(R)","24+ ft.",5314,1996,0.376]]}]}