{"resource":"shotchartdetail","parameters":{"LeagueID":"00","Season":"2015-16","SeasonType":"Regular Season","TeamID":0,"PlayerID":2544,"GameID":null,"Outcome":null,"Location":null,"Month":0,"SeasonSegment":null,"DateFrom":null,"DateTo":null,"OpponentTeamID":0,"VsConference":null,"VsDivision":null,"Position":null,"RookieYear":null,"GameSegment":null,"Period":0,"LastNGames":0,"ClutchTime":"Last 5 Minutes","AheadBehind":null,"PointDiff":null,"RangeType":null,"StartPeriod":null,"EndPeriod":null,"StartRange":null,"EndRange":null,"ContextFilter":"","ContextMeasure":"FGA"},"resultSets":[{"name":"Shot_Chart_Detail","headers":["GRID_TYPE","GAME_ID","GAME_EVENT_ID","PLAYER_ID","PLAYER_NAME","TEAM_ID","TEAM_NAME","PERIOD","MINUTES_REMAINING","SECONDS_REMAINING","EVENT_TYPE","ACTION_TYPE","SHOT_TYPE","SHOT_ZONE_BASIC","SHOT_ZONE_AREA","SHOT_ZONE_RANGE","SHOT_DISTANCE","LOC_X","LOC_Y","SHOT_ATTEMPTED_FLAG","SHOT_MADE_FLAG"],"rowSet":[["Shot Chart Detail","0021500002",500,2544,"LeBron James",1610612739,"Cleveland Cavaliers",4,4,40,"Made Shot","Driving Floating Jump Shot","2PT Field Goal","In The Paint (Non-RA)","Center(C)","Less Than 8 ft.",5,-7,52,1,1],["Shot Chart Detail","0021500002",521,2544,"LeBron James",1610612739,"Cleveland Cavaliers",4,3,0,"Missed Shot","Jump Shot","3PT Field Goal","Left Corner 3","Left Side(L)","24+ ft.",24,-240,11,1,0],["Shot Chart Detail","0021500002",556,2544,"LeBron James",1610612739,"Cleveland Cavaliers",4,0,3,"Missed Shot","Driving Layup Shot","2PT Field Goal","Restricted Area","Center(C)","Less Than 8 ft.",2,22,11,1,0],["Shot Chart Detail","0021500021",482,2544,"LeBron James",1610612739,"Cleveland Cavaliers",4,4,23,"Made Shot","Step Back Jump shot","2PT Field Goal","In The Paint (Non-RA)","Center(C)","Less Than 8 ft.",7,-50,51,1,1],["Shot Chart Detail","0021500021",507,2544,"LeBron James",1610612739,"Cleveland Cavaliers",4,2,2,"Missed Shot","Reverse Layup Shot","2PT Field Goal","Restricted Area","Center(C)","Less Than 8 ft.",1,-11,-1,1,0],["Shot Chart Detail","0021500021",518,2544,"LeBron James",1610612739,"Cleveland Cavaliers",4,1,28,"Made Shot","Jump Shot","2PT Field Goal","Mid-Range","Center(C)","16-24 ft.",17,-7,170,1,1],["Shot Chart Detail","0021500063",511,2544,"LeBron James",1610612739,"Cleveland Cavaliers",4,4,27,"Missed Shot","Step Back Jump shot","2PT Field Goal","In The Paint (Non-RA)","Right Side(R)","8-16 ft.",10,58,85,1,0],["Shot Chart Detail","0021500063",514,2544,"LeBron James",1610612739,"Cleveland Cavaliers",4,4,1,"Made Shot","Jump Shot","3PT Field Goal","Above the Break 3","Left Side Center(LC)","24+ ft.",26,-240,120,1,1],["Shot Chart Detail","0021500063",517,2544,"LeBron James",1610612739,"Cleveland Cavaliers",4,3,32,"Missed Shot","Jump Shot","2PT Field Goal","Mid-Range","Right Side(R)","8-16 ft.",15,137,65,1,0],["Shot Chart Detail","0021500063",534,2544,"LeBron James",1610612739,"Cleveland Cavaliers",4,2,5,"Made Shot","Cutting Dunk Shot","2PT Field Goal","Restricted Area","Center(C)","Less Than 8 ft.",0,0,1,1,1],["Shot Chart Detail","0021500063",544,2544,"LeBron James",1610612739,"Cleveland Cavaliers",4,1,6,"Missed Shot","Jump Shot","3PT Field Goal","Above the Break 3","Center(C)","24+ ft.",25,-12,252,1,0],["Shot Chart Detail","0021500063",547,2544,"LeBron James",1610612739,"Cleveland Cavaliers",4,0,36,"Missed Shot","Jump Shot","2PT Field Goal","In The Paint (Non-RA)","Center(C)","Less Than 8 ft.",5,-37,36,1,0],["Shot Chart Detail","0021500094",473,2544,"LeBron James",1610612739,"Cleveland Cavaliers",4,4,21,"Missed Shot","Jump Shot","2PT Field Goal","In The Paint (Non-RA)","Center(C)","Less Than 8 ft.",5,46,31,1,0],["Shot Chart Detail","0021500094",501,2544,"LeBron James",1610612739,"Cleveland Cavaliers",4,2,19,"Missed Shot","Jump Shot","3PT Field Goal","Above the Break 3","Left Side Center(LC)","24+ ft.",24,-202,136,1,0],["Shot Chart Detail","0021500094",513,2544,"LeBron James",1610612739,"Cleveland Cavaliers",4,0,46,"Missed Shot","Floating Jump shot","2PT Field Goal","Mid-Range","Left Side(L)","8-16 ft.",12,-115,41,1,0],["Shot Chart Detail","0021500106",530,2544,"LeBron James",1610612739,"Cleveland Cavaliers",4,3,28,"Made Shot","Driving Layup Shot","2PT Field Goal","Restricted Area","Center(C)","Less Than 8 ft.",2,-20,7,1,1],["Shot Chart Detail","0021500106",547,2544,"LeBron James",1610612739,"Cleveland Cavaliers",4,2,20,"Made Shot","Cutting Layup Shot","2PT Field Goal","Restricted Area","Center(C)","Less Than 8 ft.",1,-9,7,1,1],["Shot Chart Detail","0021500106",569,2544,"LeBron James",1610612739,"Cleveland Cavaliers",4,0,49,"Made Shot","Driving Bank Hook Shot","2PT Field Goal","In The Paint (Non-RA)","Center(C)","Less Than 8 ft.",5,43,31,1,1],["Shot Chart Detail","0021500130",508,2544,"LeBron James",1610612739,"Cleveland Cavaliers",4,2,39,"Made Shot","Layup Shot","2PT Field Goal","Restricted Area","Center(C)","Less Than 8 ft.",2,27,-6,1,1],["Shot Chart Detail","0021500130",518,2544,"LeBron James",1610612739,"Cleveland Cavaliers",4,2,0,"Made Shot","Driving Layup Shot","2PT Field Goal","Restricted Area","Center(C)","Less Than 8 ft.",2,-20,-1,1,1],["Shot Chart Detail","0021500130",522,2544,"LeBron James",1610612739,"Cleveland Cavaliers",4,1,16,"Made Shot","Turnaround Fadeaway shot","2PT Field Goal","In The Paint (Non-RA)","Center(C)","8-16 ft.",11,51,106,1,1],["Shot Chart Detail","0021500141",468,2544,"LeBron James",1610612739,"Cleveland Cavaliers",4,4,19,"Made Shot","Cutting Dunk Shot","2PT Field Goal","Restricted Area","Center(C)","Less Than 8 ft.",0,0,1,1,1],["Shot Chart Detail","0021500141",493,2544,"LeBron James",1610612739,"Cleveland Cavaliers",4,2,1,"Missed Shot","Jump Shot","3PT Field Goal","Above the Break 3","Right Side Center(RC)","24+ ft.",26,86,247,1,0],["Shot Chart Detail","0021500141",498,2544,"LeBron James",1610612739,"Cleveland Cavaliers",4,1,34,"Made Shot","Putback Layup Shot","2PT Field Goal","Restricted Area","Center(C)","Less Than 8 ft.",0,-7,0,1,1],["Shot Chart Detail","0021500141",508,2544,"LeBron James",1610612739,"Cleveland Cavaliers",4,0,40,"Missed Shot","Layup Shot","2PT Field Goal","Restricted Area","Center(C)","Less Than 8 ft.",2,-12,16,1,0],["Shot Chart Detail","0021500141",510,2544,"LeBron James",1610612739,"Cleveland Cavaliers",4,0,39,"Made Shot","Putback Layup Shot","2PT Field Goal","Restricted Area","Center(C)","Less Than 8 ft.",0,-7,7,1,1],["Shot Chart Detail","0021500141",516,2544,"LeBron James",1610612739,"Cleveland Cavaliers",4,0,16,"Made Shot","Driving Dunk Shot","2PT Field Goal","Restricted Area","Center(C)","Less Than 8 ft.",0,0,1,1,1],["Shot Chart Detail","0021500141",560,2544,"LeBron James",1610612739,"Cleveland Cavaliers",5,1,28,"Made Shot","Jump Shot","3PT Field Goal","Above the Break 3","Left Side Center(LC)","24+ ft.",29,-225,185,1,1],["Shot Chart Detail","0021500141",577,2544,"LeBron James",1610612739,"Cleveland Cavaliers",5,0,32,"Made Shot","Driving Layup Shot","2PT Field Goal","Restricted Area","Center(C)","Less Than 8 ft.",1,-9,11,1,1],["Shot Chart Detail","0021500141",594,2544,"LeBron James",1610612739,"Cleveland Cavaliers",5,0,0,"Missed Shot","Jump Shot","3PT Field Goal","Above the Break 3","Left Side Center(LC)","24+ ft.",26,-233,116,1,0],["Shot Chart Detail","0021500141",600,2544,"LeBron James",1610612739,"Cleveland Cavaliers",6,4,48,"Made Shot","Jump Shot","3PT Field Goal","Above the Break 3","Left Side Center(LC)","24+ ft.",27,-187,208,1,1],["Shot Chart Detail","0021500141",626,2544,"LeBron James",1610612739,"Cleveland Cavaliers",6,2,47,"Missed Shot","Jump Shot","3PT Field Goal","Above the Break 3","Left Side Center(LC)","24+ ft.",29,-150,257,1,0],["Shot Chart Detail","0021500141",649,2544,"LeBron James",1610612739,"Cleveland Cavaliers",6,1,2,"Missed Shot","Layup Shot","2PT Field Goal","Restricted Area","Center(C)","Less Than 8 ft.",1,-14,3,1,0],["Shot Chart Detail","0021500160",494,2544,"LeBron James",1610612739,"Cleveland Cavaliers",4,1,8,"Missed Shot","Jump Shot","2PT Field Goal","In The Paint (Non-RA)","Center(C)","Less Than 8 ft.",4,48,7,1,0],["Shot Chart Detail","0021500160",515,2544,"LeBron James",1610612739,"Cleveland Cavaliers",4,0,15,"Made Shot","Driving Layup Shot","2PT Field Goal","Restricted Area","Center(C)","Less Than 8 ft.",0,-1,-1,1,1],["Shot Chart Detail","0021500176",518,2544,"LeBron James",1610612739,"Cleveland Cavaliers",4,1,1,"Missed Shot","Jump Shot","2PT Field Goal","Mid-Range","Left Side Center(LC)","16-24 ft.",19,-119,149,1,0],["Shot Chart Detail","0021500176",522,2544,"LeBron James",1610612739,"Cleveland Cavaliers",4,0,34,"Made Shot","Driving Layup Shot","2PT Field Goal","Restricted Area","Center(C)","Less Than 8 ft.",2,-14,16,1,1],["Shot Chart Detail","0021500191",528,2544,"LeBron James",1610612739,"Cleveland Cavaliers",4,4,32,"Made Shot","Jump Shot","2PT Field Goal","Mid-Range","Left Side(L)","8-16 ft.",15,-137,80,1,1],["Shot Chart Detail","0021500203",493,2544,"LeBron James",1610612739,"Cleveland Cavaliers",4,4,9,"Made Shot","Running Dunk Shot","2PT Field Goal","Restricted Area","Center(C)","Less Than 8 ft.",0,0,1,1,1],["Shot Chart Detail","0021500219",520,2544,"LeBron James",1610612739,"Cleveland Cavaliers",4,1,16,"Made Shot","Pullup Jump shot","2PT Field Goal","In The Paint (Non-RA)","Center(C)","Less Than 8 ft.",4,28,41,1,1],["Shot Chart Detail","0021500227",482,2544,"LeBron James",1610612739,"Cleveland Cavaliers",4,2,1,"Missed Shot","Jump Shot","2PT Field Goal","Mid-Range","Left Side(L)","8-16 ft.",15,-96,120,1,0],["Shot Chart Detail","0021500227",485,2544,"LeBron James",1610612739,"Cleveland Cavaliers",4,1,58,"Missed Shot","Jump Shot","3PT Field Goal","Above the Break 3","Left Side Center(LC)","24+ ft.",26,-165,213,1,0],["Shot Chart Detail","0021500227",495,2544,"LeBron James",1610612739,"Cleveland Cavaliers",4,0,40,"Missed Shot","Jump Shot","2PT Field Goal","In The Paint (Non-RA)","Center(C)","Less Than 8 ft.",5,-52,21,1,0],["Shot Chart Detail","0021500227",499,2544,"LeBron James",1610612739,"Cleveland Cavaliers",4,0,37,"Missed Shot","Jump Shot","2PT Field Goal","Mid-Range","Center(C)","16-24 ft.",20,33,203,1,0],["Shot Chart Detail","0021500240",506,2544,"LeBron James",1610612739,"Cleveland Cavaliers",4,4,39,"Made Shot","Jump Shot","3PT Field Goal","Above the Break 3","Right Side Center(RC)","24+ ft.",24,156,183,1,1],["Shot Chart Detail","0021500240",512,2544,"LeBron James",1610612739,"Cleveland Cavaliers",4,3,56,"Missed Shot","Jump Shot","3PT Field Goal","Above the Break 3","Right Side Center(RC)","24+ ft.",24,207,134,1,0],["Shot Chart Detail","0021500240",516,2544,"LeBron James",1610612739,"Cleveland Cavaliers",4,3,26,"Made Shot","Driving Layup Shot","2PT Field Goal","Restricted Area","Center(C)","Less Than 8 ft.",1,10,13,1,1],["Shot Chart Detail","0021500240",534,2544,"LeBron James",1610612739,"Cleveland Cavaliers",4,2,11,"Missed Shot","Floating Jump shot","2PT Field Goal","Mid-Range","Left Side(L)","8-16 ft.",14,-137,38,1,0],["Shot Chart Detail","0021500240",556,2544,"LeBron James",1610612739,"Cleveland Cavaliers",4,0,34,"Missed Shot","Jump Shot","3PT Field Goal","Above the Break 3","Right Side Center(RC)","24+ ft.",26,146,223,1,0],["Shot Chart Detail","0021500240",590,2544,"LeBron James",1610612739,"Cleveland Cavaliers",4,0,1,"Made Shot","Driving Hook Shot","2PT Field Goal","In The Paint (Non-RA)","Center(C)","Less Than 8 ft.",7,38,70,1,1],["Shot Chart Detail","0021500262",495,2544,"LeBron James",1610612739,"Cleveland Cavaliers",4,4,54,"Missed Shot","Floating Jump shot","2PT Field Goal","Restricted Area","Center(C)","Less Than 8 ft.",3,-11,31,1,0],["Shot Chart Detail","0021500262",500,2544,"LeBron James",1610612739,"Cleveland Cavaliers",4,4,22,"Made Shot","Driving Layup Shot","2PT Field Goal","Restricted Area","Center(C)","Less Than 8 ft.",1,-4,-11,1,1],["Shot Chart Detail","0021500262",522,2544,"LeBron James",1610612739,"Cleveland Cavaliers",4,2,19,"Missed Shot","Driving Layup Shot","2PT Field Goal","Restricted Area","Center(C)","Less Than 8 ft.",2,-20,11,1,0],["Shot Chart Detail","0021500262",526,2544,"LeBron James",1610612739,"Cleveland Cavaliers",4,1,43,"Missed Shot","Reverse Layup Shot","2PT Field Goal","Restricted Area","Center(C)","Less Than 8 ft.",1,-17,3,1,0],["Shot Chart Detail","0021500288",510,2544,"LeBron James",1610612739,"Cleveland Cavaliers",4,4,31,"Made Shot","Driving Layup Shot","2PT Field Goal","Restricted Area","Center(C)","Less Than 8 ft.",1,14,2,1,1],["Shot Chart Detail","0021500288",529,2544,"LeBron James",1610612739,"Cleveland Cavaliers",4,3,1,"Made Shot","Running Layup Shot","2PT Field Goal","Restricted Area","Center(C)","Less Than 8 ft.",3,-37,11,1,1],["Shot Chart Detail","0021500288",533,2544,"LeBron James",1610612739,"Cleveland Cavaliers",4,2,39,"Made Shot","Layup Shot","2PT Field Goal","Restricted Area","Center(C)","Less Than 8 ft.",2,-16,13,1,1],["Shot Chart Detail","0021500288",542,2544,"LeBron James",1610612739,"Cleveland Cavaliers",4,2,17,"Missed Shot","Jump Shot","2PT Field Goal","In The Paint (Non-RA)","Center(C)","Less Than 8 ft.",5,14,57,1,0],["Shot Chart Detail","0021500288",544,2544,"LeBron James",1610612739,"Cleveland Cavaliers",4,2,14,"Missed Shot","Putback Layup Shot","2PT Field Goal","Restricted Area","Center(C)","Less Than 8 ft.",2,20,18,1,0],["Shot Chart Detail","0021500288",550,2544,"LeBron James",1610612739,"Cleveland Cavaliers",4,1,47,"Made Shot","Step Back Jump shot","2PT Field Goal","Mid-Range","Right Side Center(RC)","16-24 ft.",16,82,146,1,1],["Shot Chart Detail","0021500288",553,2544,"LeBron James",1610612739,"Cleveland Cavaliers",4,1,15,"Made Shot","Driving Layup Shot","2PT Field Goal","Restricted Area","Center(C)","Less Than 8 ft.",1,10,7,1,1],["Shot Chart Detail","0021500288",569,2544,"LeBron James",1610612739,"Cleveland Cavaliers",4,0,34,"Made Shot","Layup Shot","2PT Field Goal","Restricted Area","Center(C)","Less Than 8 ft.",2,-22,11,1,1],["Shot Chart Detail","0021500288",592,2544,"LeBron James",1610612739,"Cleveland Cavaliers",4,0,0,"Missed Shot","Fadeaway Jump Shot","2PT Field Goal","Mid-Range","Left Side Center(LC)","16-24 ft.",18,-132,136,1,0],["Shot Chart Detail","0021500288",609,2544,"LeBron James",1610612739,"Cleveland Cavaliers",5,3,46,"Missed Shot","Jump Shot","3PT Field Goal","Above the Break 3","Right Side Center(RC)","24+ ft.",26,176,193,1,0],["Shot Chart Detail","0021500288",612,2544,"LeBron James",1610612739,"Cleveland Cavaliers",5,3,17,"Missed Shot","Jump Shot","2PT Field Goal","Mid-Range","Right Side(R)","8-16 ft.",9,92,11,1,0],["Shot Chart Detail","0021500313",443,2544,"LeBron James",1610612739,"Cleveland Cavaliers",4,4,45,"Made Shot","Driving Layup Shot","2PT Field Goal","Restricted Area","Center(C)","Less Than 8 ft.",1,-12,0,1,1],["Shot Chart Detail","0021500313",445,2544,"LeBron James",1610612739,"Cleveland Cavaliers",4,4,6,"Missed Shot","Turnaround Jump Shot","2PT Field Goal","Mid-Range","Left Side(L)","16-24 ft.",16,-158,51,1,0],["Shot Chart Detail","0021500313",461,2544,"LeBron James",1610612739,"Cleveland Cavaliers",4,2,53,"Made Shot","Jump Shot","3PT Field Goal","Above the Break 3","Left Side Center(LC)","24+ ft.",26,-245,100,1,1],["Shot Chart Detail","0021500313",487,2544,"LeBron James",1610612739,"Cleveland Cavaliers",4,1,3,"Made Shot","Running Jump Shot","2PT Field Goal","In The Paint (Non-RA)","Center(C)","Less Than 8 ft.",4,9,41,1,1],["Shot Chart Detail","0021500313",496,2544,"LeBron James",1610612739,"Cleveland Cavaliers",4,0,24,"Missed Shot","Driving Layup Shot","2PT Field Goal","Restricted Area","Center(C)","Less Than 8 ft.",3,-35,-1,1,0],["Shot Chart Detail","0021500367",430,2544,"LeBron James",1610612739,"Cleveland Cavaliers",4,4,46,"Made Shot","Turnaround Fadeaway shot","2PT Field Goal","In The Paint (Non-RA)","Left Side(L)","8-16 ft.",9,-68,70,1,1],["Shot Chart Detail","0021500384",495,2544,"LeBron James",1610612739,"Cleveland Cavaliers",4,4,29,"Missed Shot","Jump Shot","2PT Field Goal","Mid-Range","Center(C)","16-24 ft.",22,-11,223,1,0],["Shot Chart Detail","0021500384",499,2544,"LeBron James",1610612739,"Cleveland Cavaliers",4,3,59,"Missed Shot","Jump Shot","3PT Field Goal","Above the Break 3","Left Side Center(LC)","24+ ft.",27,-245,124,1,0],["Shot Chart Detail","0021500384",517,2544,"LeBron James",1610612739,"Cleveland Cavaliers",4,2,25,"Missed Shot","Jump Shot","2PT Field Goal","Mid-Range","Left Side(L)","8-16 ft.",14,-142,-33,1,0],["Shot Chart Detail","0021500384",527,2544,"LeBron James",1610612739,"Cleveland Cavaliers",4,2,24,"Made Shot","Layup Shot","2PT Field Goal","Restricted Area","Center(C)","Less Than 8 ft.",2,-23,10,1,1],["Shot Chart Detail","0021500384",541,2544,"LeBron James",1610612739,"Cleveland Cavaliers",4,0,27,"Missed Shot","Floating Jump shot","2PT Field Goal","In The Paint (Non-RA)","Left Side(L)","8-16 ft.",8,-71,38,1,0],["Shot Chart Detail","0021500424",497,2544,"LeBron James",1610612739,"Cleveland Cavaliers",4,3,13,"Made Shot","Running Layup Shot","2PT Field Goal","Restricted Area","Center(C)","Less Than 8 ft.",2,-20,-1,1,1],["Shot Chart Detail","0021500424",518,2544,"LeBron James",1610612739,"Cleveland Cavaliers",4,0,51,"Made Shot","Driving Dunk Shot","2PT Field Goal","Restricted Area","Center(C)","Less Than 8 ft.",0,0,1,1,1],["Shot Chart Detail","0021500438",482,2544,"LeBron James",1610612739,"Cleveland Cavaliers",4,4,34,"Missed Shot","Layup Shot","2PT Field Goal","Restricted Area","Center(C)","Less Than 8 ft.",2,-16,23,1,0],["Shot Chart Detail","0021500438",493,2544,"LeBron James",1610612739,"Cleveland Cavaliers",4,3,26,"Made Shot","Driving Dunk Shot","2PT Field Goal","Restricted Area","Center(C)","Less Than 8 ft.",0,0,1,1,1],["Shot Chart Detail","0021500438",498,2544,"LeBron James",1610612739,"Cleveland Cavaliers",4,2,55,"Made Shot","Driving Dunk Shot","2PT Field Goal","Restricted Area","Center(C)","Less Than 8 ft.",0,0,1,1,1],["Shot Chart Detail","0021500438",504,2544,"LeBron James",1610612739,"Cleveland Cavaliers",4,2,15,"Missed Shot","Driving Layup Shot","2PT Field Goal","Restricted Area","Center(C)","Less Than 8 ft.",1,-9,11,1,0],["Shot Chart Detail","0021500438",519,2544,"LeBron James",1610612739,"Cleveland Cavaliers",4,0,49,"Missed Shot","Jump Shot","2PT Field Goal","Restricted Area","Center(C)","Less Than 8 ft.",3,-2,31,1,0],["Shot Chart Detail","0021500438",542,2544,"LeBron James",1610612739,"Cleveland Cavaliers",4,0,12,"Missed Shot","Jump Shot","3PT Field Goal","Above the Break 3","Left Side Center(LC)","24+ ft.",28,-196,203,1,0],["Shot Chart Detail","0021500466",480,2544,"LeBron James",1610612739,"Cleveland Cavaliers",4,1,59,"Missed Shot","Jump Shot","3PT Field Goal","Above the Break 3","Left Side Center(LC)","24+ ft.",25,-228,120,1,0],["Shot Chart Detail","0021500466",492,2544,"LeBron James",1610612739,"Cleveland Cavaliers",4,0,53,"Missed Shot","Step Back Jump shot","3PT Field Goal","Above the Break 3","Left Side Center(LC)","24+ ft.",25,-215,129,1,0],["Shot Chart Detail","0021500473",484,2544,"LeBron James",1610612739,"Cleveland Cavaliers",4,2,4,"Missed Shot","Jump Shot","2PT Field Goal","Mid-Range","Left Side(L)","16-24 ft.",21,-210,-16,1,0],["Shot Chart Detail","0021500473",487,2544,"LeBron James",1610612739,"Cleveland Cavaliers",4,1,56,"Made Shot","Reverse Dunk Shot","2PT Field Goal","Restricted Area","Center(C)","Less Than 8 ft.",0,0,1,1,1],["Shot Chart Detail","0021500473",513,2544,"LeBron James",1610612739,"Cleveland Cavaliers",4,1,12,"Made Shot","Running Dunk Shot","2PT Field Goal","Restricted Area","Center(C)","Less Than 8 ft.",0,0,1,1,1],["Shot Chart Detail","0021500527",501,2544,"LeBron James",1610612739,"Cleveland Cavaliers",4,3,50,"Missed Shot","Layup Shot","2PT Field Goal","Restricted Area","Center(C)","Less Than 8 ft.",2,22,0,1,0],["Shot Chart Detail","0021500527",521,2544,"LeBron James",1610612739,"Cleveland Cavaliers",4,0,41,"Made Shot","Driving Finger Roll Layup Shot","2PT Field Goal","Restricted Area","Center(C)","Less Than 8 ft.",1,-17,2,1,1],["Shot Chart Detail","0021500559",485,2544,"LeBron James",1610612739,"Cleveland Cavaliers",4,4,2,"Made Shot","Running Dunk Shot","2PT Field Goal","Restricted Area","Center(C)","Less Than 8 ft.",0,0,1,1,1],["Shot Chart Detail","0021500559",489,2544,"LeBron James",1610612739,"Cleveland Cavaliers",4,3,21,"Made Shot","Step Back Jump shot","2PT Field Goal","Mid-Range","Left Side Center(LC)","16-24 ft.",19,-145,124,1,1],["Shot Chart Detail","0021500559",495,2544,"LeBron James",1610612739,"Cleveland Cavaliers",4,2,5,"Missed Shot","Jump Shot","2PT Field Goal","Mid-Range","Left Side(L)","8-16 ft.",15,-133,82,1,0],["Shot Chart Detail","0021500559",511,2544,"LeBron James",1610612739,"Cleveland Cavaliers",4,0,45,"Missed Shot","Jump Shot","3PT Field Goal","Above the Break 3","Left Side Center(LC)","24+ ft.",25,-168,193,1,0],["Shot Chart Detail","0021500575",461,2544,"LeBron James",1610612739,"Cleveland Cavaliers",4,3,36,"Missed Shot","Fadeaway Jump Shot","2PT Field Goal","Mid-Range","Right Side(R)","16-24 ft.",17,171,21,1,0],["Shot Chart Detail","0021500575",489,2544,"LeBron James",1610612739,"Cleveland Cavaliers",4,0,59,"Missed Shot","Jump Shot","2PT Field Goal","Mid-Range","Left Side(L)","8-16 ft.",12,-122,28,1,0],["Shot Chart Detail","0021500575",508,2544,"LeBron James",1610612739,"Cleveland Cavaliers",4,0,20,"Made Shot","Driving Dunk Shot","2PT Field Goal","Restricted Area","Center(C)","Less Than 8 ft.",0,0,1,1,1],["Shot Chart Detail","0021500575",524,2544,"LeBron James",1610612739,"Cleveland Cavaliers",5,4,36,"Missed Shot","Step Back Jump shot","3PT Field Goal","Above the Break 3","Left Side Center(LC)","24+ ft.",26,-151,223,1,0],["Shot Chart Detail","0021500575",547,2544,"LeBron James",1610612739,"Cleveland Cavaliers",5,1,54,"Made Shot","Layup Shot","2PT Field Goal","Restricted Area","Center(C)","Less Than 8 ft.",1,0,11,1,1],["Shot Chart Detail","0021500575",561,2544,"LeBron James",1610612739,"Cleveland Cavaliers",5,1,0,"Made Shot","Driving Layup Shot","2PT Field Goal","Restricted Area","Center(C)","Less Than 8 ft.",2,15,16,1,1],["Shot Chart Detail","0021500590",450,2544,"LeBron James",1610612739,"Cleveland Cavaliers",4,4,2,"Made Shot","Driving Finger Roll Layup Shot","2PT Field Goal","Restricted Area","Center(C)","Less Than 8 ft.",1,-12,7,1,1],["Shot Chart Detail","0021500590",503,2544,"LeBron James",1610612739,"Cleveland Cavaliers",4,0,0,"Made Shot","Tip Layup Shot","2PT Field Goal","Restricted Area","Center(C)","Less Than 8 ft.",1,1,11,1,1],["Shot Chart Detail","0021500601",530,2544,"LeBron James",1610612739,"Cleveland Cavaliers",4,4,16,"Made Shot","Driving Layup Shot","2PT Field Goal","Restricted Area","Center(C)","Less Than 8 ft.",1,17,3,1,1],["Shot Chart Detail","0021500640",565,2544,"LeBron James",1610612739,"Cleveland Cavaliers",4,2,36,"Made Shot","Layup Shot","2PT Field Goal","Restricted Area","Center(C)","Less Than 8 ft.",1,-9,7,1,1],["Shot Chart Detail","0021500659",478,2544,"LeBron James",1610612739,"Cleveland Cavaliers",4,4,33,"Made Shot","Layup Shot","2PT Field Goal","Restricted Area","Center(C)","Less Than 8 ft.",1,-12,13,1,1],["Shot Chart Detail","0021500659",497,2544,"LeBron James",1610612739,"Cleveland Cavaliers",4,3,10,"Made Shot","Running Layup Shot","2PT Field Goal","Restricted Area","Center(C)","Less Than 8 ft.",1,-16,0,1,1],["Shot Chart Detail","0021500659",513,2544,"LeBron James",1610612739,"Cleveland Cavaliers",4,2,31,"Missed Shot","Layup Shot","2PT Field Goal","Restricted Area","Center(C)","Less Than 8 ft.",2,-22,13,1,0],["Shot Chart Detail","0021500659",540,2544,"LeBron James",1610612739,"Cleveland Cavaliers",4,0,58,"Made Shot","Driving Layup Shot","2PT Field Goal","Restricted Area","Center(C)","Less Than 8 ft.",0,-7,2,1,1],["Shot Chart Detail","0021500667",478,2544,"LeBron James",1610612739,"Cleveland Cavaliers",4,4,6,"Missed Shot","Driving Layup Shot","2PT Field Goal","Restricted Area","Center(C)","Less Than 8 ft.",1,-14,-5,1,0],["Shot Chart Detail","0021500667",542,2544,"LeBron James",1610612739,"Cleveland Cavaliers",4,0,19,"Made Shot","Cutting Layup Shot","2PT Field Goal","Restricted Area","Center(C)","Less Than 8 ft.",1,-14,7,1,1],["Shot Chart Detail","0021500699",501,2544,"LeBron James",1610612739,"Cleveland Cavaliers",4,1,48,"Made Shot","Jump Shot","2PT Field Goal","Mid-Range","Right Side(R)","16-24 ft.",19,179,80,1,1],["Shot Chart Detail","0021500713",466,2544,"LeBron James",1610612739,"Cleveland Cavaliers",4,4,41,"Made Shot","Running Layup Shot","2PT Field Goal","Restricted Area","Center(C)","Less Than 8 ft.",1,-12,3,1,1],["Shot Chart Detail","0021500713",489,2544,"LeBron James",1610612739,"Cleveland Cavaliers",4,2,25,"Made Shot","Jump Shot","2PT Field Goal","Mid-Range","Right Side Center(RC)","16-24 ft.",21,73,200,1,1],["Shot Chart Detail","0021500721",450,2544,"LeBron James",1610612739,"Cleveland Cavaliers",4,4,30,"Missed Shot","Driving Dunk Shot","2PT Field Goal","Restricted Area","Center(C)","Less Than 8 ft.",0,0,1,1,0],["Shot Chart Detail","0021500721",458,2544,"LeBron James",1610612739,"Cleveland Cavaliers",4,3,39,"Missed Shot","Jump Shot","3PT Field Goal","Above the Break 3","Center(C)","24+ ft.",26,-45,257,1,0],["Shot Chart Detail","0021500721",462,2544,"LeBron James",1610612739,"Cleveland Cavaliers",4,2,58,"Missed Shot","Layup Shot","2PT Field Goal","Restricted Area","Center(C)","Less Than 8 ft.",3,-17,31,1,0],["Shot Chart Detail","0021500721",486,2544,"LeBron James",1610612739,"Cleveland Cavaliers",4,1,16,"Made Shot","Driving Bank shot","2PT Field Goal","In The Paint (Non-RA)","Center(C)","Less Than 8 ft.",5,-38,36,1,1],["Shot Chart Detail","0021500721",507,2544,"LeBron James",1610612739,"Cleveland Cavaliers",5,4,21,"Missed Shot","Driving Layup Shot","2PT Field Goal","Restricted Area","Center(C)","Less Than 8 ft.",3,-16,36,1,0],["Shot Chart Detail","0021500721",519,2544,"LeBron James",1610612739,"Cleveland Cavaliers",5,2,21,"Missed Shot","Jump Shot","3PT Field Goal","Above the Break 3","Right Side Center(RC)","24+ ft.",26,125,229,1,0],["Shot Chart Detail","0021500721",522,2544,"LeBron James",1610612739,"Cleveland Cavaliers",5,1,40,"Made Shot","Jump Shot","2PT Field Goal","In The Paint (Non-RA)","Center(C)","8-16 ft.",10,-47,95,1,1],["Shot Chart Detail","0021500721",524,2544,"LeBron James",1610612739,"Cleveland Cavaliers",5,1,6,"Missed Shot","Running Jump Shot","2PT Field Goal","In The Paint (Non-RA)","Center(C)","8-16 ft.",9,45,80,1,0],["Shot Chart Detail","0021500735",456,2544,"LeBron James",1610612739,"Cleveland Cavaliers",4,3,42,"Made Shot","Dunk Shot","2PT Field Goal","Restricted Area","Center(C)","Less Than 8 ft.",0,0,1,1,1],["Shot Chart Detail","0021500735",467,2544,"LeBron James",1610612739,"Cleveland Cavaliers",4,2,44,"Made Shot","Driving Dunk Shot","2PT Field Goal","Restricted Area","Center(C)","Less Than 8 ft.",0,0,1,1,1],["Shot Chart Detail","0021500735",482,2544,"LeBron James",1610612739,"Cleveland Cavaliers",4,1,29,"Made Shot","Driving Dunk Shot","2PT Field Goal","Restricted Area","Center(C)","Less Than 8 ft.",0,2,7,1,1],["Shot Chart Detail","0021500735",495,2544,"LeBron James",1610612739,"Cleveland Cavaliers",4,0,29,"Missed Shot","Jump Shot","3PT Field Goal","Above the Break 3","Center(C)","24+ ft.",25,61,247,1,0],["Shot Chart Detail","0021500755",546,2544,"LeBron James",1610612739,"Cleveland Cavaliers",4,3,48,"Made Shot","Jump Shot","2PT Field Goal","In The Paint (Non-RA)","Center(C)","Less Than 8 ft.",7,-35,62,1,1],["Shot Chart Detail","0021500755",591,2544,"LeBron James",1610612739,"Cleveland Cavaliers",4,1,30,"Made Shot","Driving Layup Shot","2PT Field Goal","Restricted Area","Center(C)","Less Than 8 ft.",0,0,2,1,1],["Shot Chart Detail","0021500755",601,2544,"LeBron James",1610612739,"Cleveland Cavaliers",4,1,0,"Missed Shot","Reverse Layup Shot","2PT Field Goal","Restricted Area","Center(C)","Less Than 8 ft.",1,-12,7,1,0],["Shot Chart Detail","0021500755",607,2544,"LeBron James",1610612739,"Cleveland Cavaliers",4,0,24,"Missed Shot","Jump Shot","3PT Field Goal","Above the Break 3","Center(C)","24+ ft.",24,37,247,1,0],["Shot Chart Detail","0021500763",481,2544,"LeBron James",1610612739,"Cleveland Cavaliers",4,1,39,"Made Shot","Driving Layup Shot","2PT Field Goal","Restricted Area","Center(C)","Less Than 8 ft.",1,-12,-1,1,1],["Shot Chart Detail","0021500795",522,2544,"LeBron James",1610612739,"Cleveland Cavaliers",4,1,53,"Made Shot","Jump Shot","3PT Field Goal","Above the Break 3","Center(C)","24+ ft.",24,-16,244,1,1],["Shot Chart Detail","0021500795",524,2544,"LeBron James",1610612739,"Cleveland Cavaliers",4,1,22,"Missed Shot","Finger Roll Layup Shot","2PT Field Goal","Restricted Area","Center(C)","Less Than 8 ft.",0,-7,2,1,0],["Shot Chart Detail","0021500795",525,2544,"LeBron James",1610612739,"Cleveland Cavaliers",4,1,19,"Missed Shot","Tip Layup Shot","2PT Field Goal","Restricted Area","Center(C)","Less Than 8 ft.",1,-9,7,1,0],["Shot Chart Detail","0021500803",505,2544,"LeBron James",1610612739,"Cleveland Cavaliers",4,4,49,"Missed Shot","Jump Shot","3PT Field Goal","Left Corner 3","Left Side(L)","24+ ft.",25,-238,85,1,0],["Shot Chart Detail","0021500803",508,2544,"LeBron James",1610612739,"Cleveland Cavaliers",4,4,18,"Made Shot","Turnaround Jump Shot","2PT Field Goal","Mid-Range","Left Side(L)","8-16 ft.",14,-142,-1,1,1],["Shot Chart Detail","0021500803",516,2544,"LeBron James",1610612739,"Cleveland Cavaliers",4,3,35,"Made Shot","Layup Shot","2PT Field Goal","Restricted Area","Center(C)","Less Than 8 ft.",1,9,7,1,1],["Shot Chart Detail","0021500824",502,2544,"LeBron James",1610612739,"Cleveland Cavaliers",4,2,47,"Made Shot","Jump Shot","2PT Field Goal","Mid-Range","Left Side Center(LC)","16-24 ft.",22,-163,156,1,1],["Shot Chart Detail","0021500833",420,2544,"LeBron James",1610612739,"Cleveland Cavaliers",4,4,5,"Made Shot","Running Dunk Shot","2PT Field Goal","Restricted Area","Center(C)","Less Than 8 ft.",0,0,1,1,1],["Shot Chart Detail","0021500833",436,2544,"LeBron James",1610612739,"Cleveland Cavaliers",4,2,57,"Missed Shot","Jump Shot","3PT Field Goal","Above the Break 3","Left Side Center(LC)","24+ ft.",24,-135,208,1,0],["Shot Chart Detail","0021500864",463,2544,"LeBron James",1610612739,"Cleveland Cavaliers",4,4,8,"Missed Shot","Driving Layup Shot","2PT Field Goal","Restricted Area","Center(C)","Less Than 8 ft.",2,-29,3,1,0],["Shot Chart Detail","0021500864",539,2544,"LeBron James",1610612739,"Cleveland Cavaliers",4,0,0,"Missed Shot","Pullup Jump shot","3PT Field Goal","Above the Break 3","Center(C)","24+ ft.",26,9,262,1,0],["Shot Chart Detail","0021500884",472,2544,"LeBron James",1610612739,"Cleveland Cavaliers",4,2,27,"Missed Shot","Jump Bank Shot","2PT Field Goal","In The Paint (Non-RA)","Left Side(L)","8-16 ft.",8,-79,13,1,0],["Shot Chart Detail","0021500884",481,2544,"LeBron James",1610612739,"Cleveland Cavaliers",4,2,24,"Made Shot","Cutting Layup Shot","2PT Field Goal","Restricted Area","Center(C)","Less Than 8 ft.",0,-1,-1,1,1]]},{"name":"LeagueAverages","headers":["GRID_TYPE","SHOT_ZONE_BASIC","SHOT_ZONE_AREA","SHOT_ZONE_RANGE","FGA","FGM","FG_PCT"],"rowSet":[["League Averages","Above the Break 3","Back Court(BC)","Back Court Shot",45,4,0.089],["League Averages","Above the Break 3","Center(C)","24+ ft.",7992,2756,0.345],["League Averages","Above the Break 3","Left Side Center(LC)","24+ ft.",12235,4247,0.347],["League Averages","Above the Break 3","Right Side Center(RC)","24+ ft.",11628,4090,0.352],["League Averages","Backcourt","Back Court(BC)","Back Court Shot",315,13,0.041],["League Averages","In The Paint (Non-RA)","Center(C)","8-16 ft.",5034,2136,0.424],["League Averages","In The Paint (Non-RA)","Center(C)","Less Than 8 ft.",14280,5565,0.39],["League Averages","In The Paint (Non-RA)","Left Side(L)","8-16 ft.",1595,643,0.403],["League Averages","In The Paint (Non-RA)","Right Side(R)","8-16 ft.",1407,580,0.412],["League Averages","Left Corner 3","Left Side(L)","24+ ft.",5675,2112,0.372],["League Averages","Mid-Range","Center(C)","16-24 ft.",5555,2204,0.397],["League Averages","Mid-Range","Center(C)","8-16 ft.",1699,739,0.435],["League Averages","Mid-Range","Left Side Center(LC)","16-24 ft.",5889,2339,0.397],["League Averages","Mid-Range","Left Side(L)","16-24 ft.",4134,1678,0.406],["League Averages","Mid-Range","Left Side(L)","8-16 ft.",5688,2212,0.389],["League Averages","Mid-Range","Right Side Center(RC)","16-24 ft.",6120,2444,0.399],["League Averages","Mid-Range","Right Side(R)","16-24 ft.",3672,1491,0.406],["League Averages","Mid-Range","Right Side(R)","8-16 ft.",5684,2256,0.397],["League Averages","Restricted Area","Center(C)","Less Than 8 ft.",49737,29791,0.599],["League Averages","Right Corner 3","Right Side(R)","24+ ft.",5314,1996,0.376]]}]}